City_ID,City,Country,Date,Lat,Lng,Max Temp,Humidity,Cloudiness,Wind Speed,Current Description
0,Busselton,AU,2022-02-07 01:52:04,-33.65,115.3333,66.04,56,65,20.0,broken clouds
1,Yellowknife,CA,2022-02-07 01:51:03,62.456,-114.3525,-0.58,97,75,4.61,light snow
2,Mataura,NZ,2022-02-07 01:50:22,-46.1927,168.8643,60.48,34,11,1.43,few clouds
3,Rikitea,PF,2022-02-07 01:52:06,-23.1203,-134.9692,79.0,71,24,19.19,few clouds
4,Tasiilaq,GL,2022-02-07 01:52:06,65.6145,-37.6368,17.49,54,100,56.8,light snow
5,Punta Arenas,CL,2022-02-07 01:52:06,-53.15,-70.9167,51.91,87,75,6.91,broken clouds
6,Mareeba,AU,2022-02-07 01:52:07,-17.0,145.4333,83.44,69,52,4.63,broken clouds
7,Opuwo,NA,2022-02-07 01:52:07,-18.0607,13.84,67.19,48,98,2.26,overcast clouds
8,Kapaa,US,2022-02-07 01:47:19,22.0752,-159.319,79.2,70,20,4.0,few clouds
9,Vega De Alatorre,MX,2022-02-07 01:52:08,20.0333,-96.6333,61.45,81,6,3.24,clear sky
10,Alice Springs,AU,2022-02-07 01:51:45,-23.7,133.8833,83.75,28,0,3.44,clear sky
11,Port-Gentil,GA,2022-02-07 01:52:09,-0.7193,8.7815,79.72,84,25,10.76,scattered clouds
12,Bluff,NZ,2022-02-07 01:52:09,-46.6,168.3333,60.8,64,0,12.01,clear sky
13,Albany,US,2022-02-07 01:52:10,42.6001,-73.9662,20.3,80,10,2.93,clear sky
14,Airai,TL,2022-02-07 01:48:55,-8.9266,125.4092,74.35,62,5,2.06,clear sky
15,Castro,BR,2022-02-07 01:52:11,-24.7911,-50.0119,63.09,80,4,2.48,clear sky
16,Barao De Melgaco,BR,2022-02-07 01:52:11,-16.1944,-55.9675,77.52,93,100,2.53,overcast clouds
17,Port Shepstone,ZA,2022-02-07 01:52:11,-30.7414,30.455,70.12,86,0,9.78,clear sky
18,Coihaique,CL,2022-02-07 01:52:12,-45.5752,-72.0662,70.41,56,91,5.75,overcast clouds
19,Atuona,PF,2022-02-07 01:52:12,-9.8,-139.0333,78.84,74,8,16.75,clear sky
20,Hermanus,ZA,2022-02-07 01:52:13,-34.4187,19.2345,63.9,92,87,3.89,overcast clouds
21,Kutum,SD,2022-02-07 01:50:34,14.2,24.6667,47.77,31,31,8.72,scattered clouds
22,Hobart,AU,2022-02-07 01:52:13,-42.8794,147.3294,78.03,47,20,1.01,few clouds
23,Cidreira,BR,2022-02-07 01:52:14,-30.1811,-50.2056,69.22,72,10,9.4,clear sky
24,Barrow,US,2022-02-07 01:52:14,71.2906,-156.7887,-25.58,62,0,12.66,clear sky
25,Shelburne,CA,2022-02-07 01:49:45,44.0787,-80.2041,27.05,73,100,15.88,overcast clouds
26,Lazaro Cardenas,MX,2022-02-07 01:52:16,17.9583,-102.2,76.23,67,13,7.67,few clouds
27,Qaanaaq,GL,2022-02-07 01:52:16,77.484,-69.3632,-11.67,58,32,7.99,scattered clouds
28,Sarramea,NC,2022-02-07 01:52:17,-21.6421,165.8452,77.92,80,88,7.76,moderate rain
29,Vaini,TO,2022-02-07 01:52:17,-21.2,-175.2,78.96,94,100,12.66,light rain
30,Leningradskiy,RU,2022-02-07 01:52:18,69.3833,178.4167,-25.65,99,54,2.46,broken clouds
31,Grand Gaube,MU,2022-02-07 01:52:18,-20.0064,57.6608,77.4,86,100,1.99,overcast clouds
32,Zaozerne,UA,2022-02-07 01:52:18,45.1582,33.2787,41.95,73,53,19.93,broken clouds
33,Nerchinskiy Zavod,RU,2022-02-07 01:52:19,51.3088,119.61,-7.91,97,95,2.46,overcast clouds
34,Bamako,ML,2022-02-07 01:52:20,12.65,-8.0,68.41,22,0,5.75,clear sky
35,Cape Town,ZA,2022-02-07 01:52:20,-33.9258,18.4232,64.27,87,20,1.01,few clouds
36,Mar Del Plata,AR,2022-02-07 01:47:28,-38.0023,-57.5575,63.88,79,40,23.0,scattered clouds
37,Vanimo,PG,2022-02-07 01:52:21,-2.6741,141.3028,83.37,74,100,3.76,overcast clouds
38,Ushuaia,AR,2022-02-07 01:52:21,-54.8,-68.3,62.26,63,75,11.5,broken clouds
39,Saint-Philippe,RE,2022-02-07 01:52:22,-21.3585,55.7679,78.39,85,91,13.87,overcast clouds
40,North Vanlaiphai,IN,2022-02-07 01:52:22,23.1333,93.0667,45.21,55,19,1.77,few clouds
41,Katsuura,JP,2022-02-07 01:48:52,35.1333,140.3,44.71,32,11,7.07,few clouds
42,Avarua,CK,2022-02-07 01:50:06,-21.2078,-159.775,82.45,78,40,17.27,scattered clouds
43,Nikolskoye,RU,2022-02-07 01:52:23,59.7035,30.7861,35.87,97,100,8.05,light snow
44,Los Llanos De Aridane,ES,2022-02-07 01:52:24,28.6585,-17.9182,62.35,71,20,15.01,few clouds
45,Yumen,CN,2022-02-07 01:52:24,40.2833,97.2,13.39,70,100,10.85,overcast clouds
46,Nome,US,2022-02-07 01:51:37,64.5011,-165.4064,-0.33,55,0,13.8,clear sky
47,Narsaq,GL,2022-02-07 01:52:25,60.9167,-46.05,8.74,81,100,8.08,overcast clouds
48,Talara,PE,2022-02-07 01:52:25,-4.5772,-81.2719,71.44,85,40,9.98,scattered clouds
49,Mahebourg,MU,2022-02-07 01:52:25,-20.4081,57.7,77.29,83,40,6.91,scattered clouds
50,Mogadishu,SO,2022-02-07 01:52:26,2.0371,45.3438,76.03,77,53,19.66,broken clouds
51,Dumas,US,2022-02-07 01:52:26,35.8656,-101.9732,37.04,74,0,6.91,clear sky
52,Kachug,RU,2022-02-07 01:52:27,53.9606,105.8817,8.71,96,100,1.05,overcast clouds
53,Cabedelo,BR,2022-02-07 01:50:09,-6.9811,-34.8339,79.47,72,0,10.94,clear sky
54,Kalmunai,LK,2022-02-07 01:52:27,7.4167,81.8167,75.16,83,49,8.39,scattered clouds
55,Saldanha,ZA,2022-02-07 01:52:28,-33.0117,17.9442,60.85,99,32,7.25,scattered clouds
56,Palmer,US,2022-02-07 01:52:28,42.1584,-72.3287,22.14,72,20,0.0,few clouds
57,Esperance,AU,2022-02-07 01:52:29,-33.8667,121.9,71.44,53,27,26.98,scattered clouds
58,Iralaya,HN,2022-02-07 01:52:29,15.0,-83.2333,74.68,68,3,7.56,clear sky
59,Saint-Leu,RE,2022-02-07 01:52:30,-21.15,55.2833,77.86,75,79,2.91,broken clouds
60,Tiksi,RU,2022-02-07 01:52:30,71.6872,128.8694,-16.83,98,100,6.17,overcast clouds
61,Chokurdakh,RU,2022-02-07 01:52:31,70.6333,147.9167,-40.41,99,75,2.91,broken clouds
62,Mocuba,MZ,2022-02-07 01:52:31,-16.8392,36.9856,70.52,99,100,5.23,overcast clouds
63,Tuktoyaktuk,CA,2022-02-07 01:52:32,69.4541,-133.0374,-27.4,68,75,12.66,broken clouds
64,Kavaratti,IN,2022-02-07 01:48:05,10.5669,72.642,77.52,67,16,6.17,few clouds
65,Dunedin,NZ,2022-02-07 01:52:32,-45.8742,170.5036,63.81,60,100,4.0,overcast clouds
66,Sri Aman,MY,2022-02-07 01:52:33,1.2376,111.4621,77.09,94,40,4.61,scattered clouds
67,Gao,ML,2022-02-07 01:52:33,16.6362,1.637,60.78,14,0,12.33,clear sky
68,Port Lincoln,AU,2022-02-07 01:52:34,-34.7333,135.8667,79.43,48,0,17.78,clear sky
69,Butaritari,KI,2022-02-07 01:52:34,3.0707,172.7902,82.6,74,86,15.48,overcast clouds
70,Leh,IN,2022-02-07 01:50:23,34.1667,77.5833,6.73,95,100,1.95,overcast clouds
71,Georgetown,MY,2022-02-07 01:52:35,5.4112,100.3354,80.53,89,20,0.0,few clouds
72,Bethel,US,2022-02-07 01:52:35,41.3712,-73.414,27.75,77,0,3.44,clear sky
73,Hithadhoo,MV,2022-02-07 01:52:35,-0.6,73.0833,82.31,70,43,14.9,scattered clouds
74,Sorland,NO,2022-02-07 01:52:36,67.667,12.6934,35.38,87,100,12.71,overcast clouds
75,Riyadh,SA,2022-02-07 01:50:32,24.6877,46.7219,48.34,45,0,5.66,clear sky
76,Vanavara,RU,2022-02-07 01:52:36,60.34,102.2797,-14.55,100,100,1.63,overcast clouds
77,Natitingou,BJ,2022-02-07 01:52:37,10.3042,1.3796,71.76,20,0,5.97,clear sky
78,Kungurtug,RU,2022-02-07 01:52:37,50.5994,97.5228,-7.69,89,63,1.45,broken clouds
79,Umba,RU,2022-02-07 01:52:38,66.6871,34.3429,14.43,93,100,14.81,overcast clouds
80,Hilo,US,2022-02-07 01:52:38,19.7297,-155.09,75.25,88,80,1.99,broken clouds
81,Meulaboh,ID,2022-02-07 01:52:39,4.1363,96.1285,77.4,84,100,1.41,overcast clouds
82,Arraial Do Cabo,BR,2022-02-07 01:49:20,-22.9661,-42.0278,75.79,90,0,20.27,clear sky
83,Lubben,DE,2022-02-07 01:52:39,51.95,13.9,38.25,87,100,15.1,overcast clouds
84,Olafsvik,IS,2022-02-07 01:52:40,64.8945,-23.7142,30.72,62,100,31.27,heavy snow
85,Caravelas,BR,2022-02-07 01:52:40,-17.7125,-39.2481,76.68,85,43,6.08,scattered clouds
86,Saskylakh,RU,2022-02-07 01:52:41,71.9167,114.0833,-26.18,100,95,3.74,overcast clouds
87,Carnarvon,AU,2022-02-07 01:49:21,-24.8667,113.6333,77.07,41,7,20.71,clear sky
88,Chuy,UY,2022-02-07 01:52:42,-33.6971,-53.4616,63.37,68,13,16.75,few clouds
89,Mahibadhoo,MV,2022-02-07 01:52:43,3.7833,72.9667,80.98,65,65,10.54,broken clouds
90,Puerto Ayora,EC,2022-02-07 01:52:44,-0.7393,-90.3518,73.54,93,19,3.0,few clouds
91,Bertoua,CM,2022-02-07 01:52:44,4.5833,13.6833,67.1,32,79,3.38,broken clouds
92,Coria,ES,2022-02-07 01:52:44,39.9879,-6.5377,39.45,55,8,3.36,clear sky
93,Wajir,KE,2022-02-07 01:52:45,1.7471,40.0573,75.34,72,99,12.82,overcast clouds
94,Aragarcas,BR,2022-02-07 01:51:16,-15.8975,-52.2508,73.56,95,100,4.18,light rain
95,Darhan,MN,2022-02-07 01:51:26,49.4867,105.9228,-0.89,88,17,5.53,few clouds
96,Homer,US,2022-02-07 01:51:04,59.6425,-151.5483,30.09,86,75,13.8,broken clouds
97,Severo-Kurilsk,RU,2022-02-07 01:52:47,50.6789,156.125,32.16,80,100,9.82,overcast clouds
98,Lakatoro,VU,2022-02-07 01:52:47,-16.0999,167.4164,84.02,74,100,9.15,light rain
99,Souillac,MU,2022-02-07 01:52:47,-20.5167,57.5167,77.38,83,40,6.91,scattered clouds
100,Bengkulu,ID,2022-02-07 01:52:48,-3.8004,102.2655,79.0,80,98,9.51,overcast clouds
101,Tuatapere,NZ,2022-02-07 01:52:48,-46.1333,167.6833,60.82,44,0,6.76,clear sky
102,Kumbo,CM,2022-02-07 01:52:49,6.2,10.6667,59.7,29,0,3.24,clear sky
103,Aklavik,CA,2022-02-07 01:48:00,68.2191,-135.0107,-22.97,93,100,18.95,overcast clouds
104,Kodiak,US,2022-02-07 01:52:50,57.79,-152.4072,36.91,44,100,6.91,overcast clouds
105,Port Elizabeth,ZA,2022-02-07 01:52:50,-33.918,25.5701,69.1,77,0,4.61,clear sky
106,Victoria,HK,2022-02-07 01:52:27,22.2855,114.1577,65.97,90,100,1.01,overcast clouds
107,Henties Bay,NA,2022-02-07 01:52:51,-22.116,14.2845,68.86,84,98,5.06,overcast clouds
108,Garhi Khairo,PK,2022-02-07 01:52:52,28.0606,67.9803,57.02,40,3,5.48,clear sky
109,Provideniya,RU,2022-02-07 01:52:52,64.3833,-173.3,3.31,66,0,8.95,clear sky
110,North Battleford,CA,2022-02-07 01:52:52,52.7834,-108.2847,30.29,86,0,4.61,clear sky
111,Longyearbyen,SJ,2022-02-07 01:52:53,78.2186,15.6401,19.24,68,0,5.75,clear sky
112,Kedrovyy,RU,2022-02-07 01:52:53,56.1667,91.8167,12.61,90,100,4.56,overcast clouds
113,Fortuna,US,2022-02-07 01:52:54,40.5982,-124.1573,54.19,91,0,0.0,clear sky
114,Bud,US,2022-02-07 01:52:54,39.447,-86.1758,30.31,81,99,5.3,overcast clouds
115,Namibe,AO,2022-02-07 01:52:54,-15.1961,12.1522,72.68,69,94,8.48,overcast clouds
116,Sao Felix Do Xingu,BR,2022-02-07 01:52:55,-6.6447,-51.995,72.27,97,95,1.01,overcast clouds
117,Jiayuguan,CN,2022-02-07 01:52:56,39.8167,98.3,12.09,88,100,1.72,overcast clouds
118,Khatanga,RU,2022-02-07 01:51:40,71.9667,102.5,-15.99,98,99,9.55,overcast clouds
119,Dikson,RU,2022-02-07 01:52:56,73.5069,80.5464,-14.06,97,100,15.68,overcast clouds
120,Tilichiki,RU,2022-02-07 01:52:57,60.4667,166.1,-5.12,78,1,9.13,clear sky
121,Portland,US,2022-02-07 01:52:57,45.5234,-122.6762,54.68,78,32,1.01,scattered clouds
122,Firovo,RU,2022-02-07 01:52:58,57.4814,33.7021,27.9,93,96,9.91,overcast clouds
123,Hami,CN,2022-02-07 01:52:58,42.8,93.45,24.66,37,73,5.84,broken clouds
124,Valparaiso,CL,2022-02-07 01:51:34,-33.0393,-71.6273,65.48,81,100,6.91,overcast clouds
125,Prince Rupert,CA,2022-02-07 01:52:59,54.3161,-130.3201,44.69,81,100,14.97,light rain
126,Isangel,VU,2022-02-07 01:52:47,-19.55,169.2667,82.51,94,100,1.14,drizzle
127,Kruisfontein,ZA,2022-02-07 01:52:59,-34.0033,24.7314,66.88,66,0,2.39,clear sky
128,Kaitangata,NZ,2022-02-07 01:50:25,-46.2817,169.8464,59.94,78,78,8.25,broken clouds
129,Upernavik,GL,2022-02-07 01:53:00,72.7868,-56.1549,-16.49,100,100,7.74,overcast clouds
130,Matara,LK,2022-02-07 01:53:01,5.9485,80.5353,77.36,81,100,3.71,overcast clouds
131,Baykit,RU,2022-02-07 01:53:01,61.67,96.37,-11.78,100,50,3.42,scattered clouds
132,Okato,NZ,2022-02-07 01:53:01,-39.2,173.8833,65.68,91,100,8.61,light rain
133,Matane,CA,2022-02-07 01:53:02,48.8286,-67.522,10.15,86,100,11.32,overcast clouds
134,Nosy Varika,MG,2022-02-07 01:53:02,-20.5833,48.5333,75.11,93,100,4.43,overcast clouds
135,Vardo,NO,2022-02-07 01:53:03,70.3705,31.1107,23.2,82,70,20.45,broken clouds
136,Solnechnyy,RU,2022-02-07 01:53:03,50.7214,136.6319,3.76,90,100,2.71,overcast clouds
137,Kormilovka,RU,2022-02-07 01:53:04,55.0026,74.1028,-2.25,90,38,6.89,scattered clouds
138,Santa Fe,AR,2022-02-07 01:51:48,-31.6333,-60.7,61.92,75,0,7.05,clear sky
139,Constitucion,CL,2022-02-07 01:53:00,-35.3333,-72.4167,58.06,83,0,5.97,clear sky
140,Bereda,ES,2022-02-07 01:53:05,43.2686,-7.5406,43.92,98,79,1.9,broken clouds
141,Vaitape,PF,2022-02-07 01:53:05,-16.5167,-151.75,81.25,74,100,18.88,light rain
142,Dingle,PH,2022-02-07 01:53:06,10.9995,122.6711,82.54,66,56,15.28,broken clouds
143,Ketchikan,US,2022-02-07 01:52:18,55.3422,-131.6461,46.38,93,100,19.57,overcast clouds
144,Guerrero Negro,MX,2022-02-07 01:53:06,27.9769,-114.0611,61.16,48,0,9.6,clear sky
145,Mount Gambier,AU,2022-02-07 01:53:07,-37.8333,140.7667,85.91,20,0,12.66,clear sky
146,Norman Wells,CA,2022-02-07 01:53:07,65.282,-126.8329,-12.96,70,100,19.57,light snow
147,Lebu,CL,2022-02-07 01:53:08,-37.6167,-73.65,59.47,91,1,15.26,clear sky
148,New Norfolk,AU,2022-02-07 01:53:08,-42.7826,147.0587,77.67,31,0,1.99,clear sky
149,Geraldton,AU,2022-02-07 01:52:49,-28.7667,114.6,75.61,38,40,18.41,scattered clouds
150,Caraquet,CA,2022-02-07 01:53:09,47.7941,-64.9386,10.98,83,100,7.94,overcast clouds
151,Vokhma,RU,2022-02-07 01:53:09,58.9303,46.7586,3.58,100,100,1.77,overcast clouds
152,Nsanje,MW,2022-02-07 01:53:10,-16.92,35.262,70.83,99,84,2.95,light rain
153,Aksu,CN,2022-02-07 01:53:10,41.1231,80.2644,20.23,48,100,0.6,overcast clouds
154,Bakchar,RU,2022-02-07 01:53:11,57.0186,82.0711,-6.99,99,5,3.27,clear sky
155,San Rafael,AR,2022-02-07 01:50:36,-34.6177,-68.3301,69.57,39,0,8.72,clear sky
156,Saiki,JP,2022-02-07 01:53:11,32.95,131.9,44.6,49,89,6.2,overcast clouds
157,Westport,US,2022-02-07 01:53:12,41.1415,-73.3579,30.74,75,75,4.0,broken clouds
158,Gurupa,BR,2022-02-07 01:53:12,-1.405,-51.64,73.31,98,100,2.57,moderate rain
159,Naryan-Mar,RU,2022-02-07 01:53:13,67.6713,53.087,15.28,87,100,17.16,overcast clouds
160,Sucua,EC,2022-02-07 01:53:13,-2.4667,-78.1667,68.4,97,71,2.21,light rain
161,Havelock,US,2022-02-07 01:53:13,34.8791,-76.9013,43.02,85,71,3.0,broken clouds
162,Dicabisagan,PH,2022-02-07 01:53:14,17.0818,122.4157,74.46,89,100,10.76,overcast clouds
163,Pozo Colorado,PY,2022-02-07 01:53:14,-23.4923,-58.7972,71.8,59,1,4.92,clear sky
164,Jamestown,US,2022-02-07 01:50:59,42.097,-79.2353,31.59,54,0,7.0,clear sky
165,Port Hedland,AU,2022-02-07 01:53:15,-20.3167,118.5667,78.85,100,40,5.75,light rain
166,Husavik,IS,2022-02-07 01:53:15,66.0449,-17.3389,22.91,89,100,12.66,overcast clouds
167,Monrovia,LR,2022-02-07 01:53:16,6.3005,-10.7969,79.61,84,98,5.19,overcast clouds
168,Banjarmasin,ID,2022-02-07 01:53:16,-3.3244,114.591,75.34,77,86,5.77,overcast clouds
169,Santa Elena,EC,2022-02-07 01:53:17,-2.2333,-80.85,74.53,82,52,6.67,broken clouds
170,Moerai,PF,2022-02-07 01:53:17,-22.4333,-151.3333,80.42,73,93,16.46,overcast clouds
171,Huarmey,PE,2022-02-07 01:53:18,-10.0681,-78.1522,71.44,77,100,6.64,overcast clouds
172,College,US,2022-02-07 01:53:18,64.8569,-147.8028,-2.42,78,100,0.0,overcast clouds
173,Amazar,RU,2022-02-07 01:53:18,53.858,120.875,3.76,79,11,2.59,few clouds
174,Kloulklubed,PW,2022-02-07 01:48:54,7.0419,134.2556,84.7,79,40,22.59,scattered clouds
175,San Quintin,MX,2022-02-07 01:53:19,30.4833,-115.95,58.95,50,0,5.75,clear sky
176,Pasni,PK,2022-02-07 01:53:20,25.2631,63.471,69.58,84,0,4.99,clear sky
177,Panjab,AF,2022-02-07 01:53:20,34.388,67.0233,0.23,100,95,3.42,overcast clouds
178,Tautira,PF,2022-02-07 01:53:20,-17.7333,-149.15,86.02,75,91,20.54,light rain
179,Santarem,BR,2022-02-07 01:53:21,-2.4431,-54.7083,75.33,100,40,1.14,scattered clouds
180,Tabora,TZ,2022-02-07 01:53:22,-5.0167,32.8,63.77,96,100,4.23,overcast clouds
181,Dingtao,CN,2022-02-07 01:53:22,35.0683,115.5625,38.43,29,100,3.65,overcast clouds
182,Gorontalo,ID,2022-02-07 01:53:22,0.5412,123.0595,88.48,55,98,0.96,overcast clouds
183,Suicheng,CN,2022-02-07 01:53:23,33.8963,117.9331,34.05,73,100,7.63,light snow
184,Mastic Beach,US,2022-02-07 01:53:23,40.7668,-72.8521,32.02,80,100,7.0,overcast clouds
185,Suda,RU,2022-02-07 01:53:24,59.1525,37.5582,11.46,96,99,9.26,overcast clouds
186,Saint George,US,2022-02-07 01:50:40,37.1041,-113.5841,55.99,18,0,18.41,clear sky
187,Verkhoyansk,RU,2022-02-07 01:53:24,67.5447,133.385,-30.73,95,100,1.48,overcast clouds
188,Faanui,PF,2022-02-07 01:53:25,-16.4833,-151.75,81.23,74,100,18.9,light rain
189,Baruun-Urt,MN,2022-02-07 01:53:26,46.6806,113.2792,5.11,81,12,7.83,few clouds
190,Brae,GB,2022-02-07 01:53:26,60.3964,-1.353,37.31,53,100,32.79,overcast clouds
191,San Cristobal,VE,2022-02-07 01:53:26,7.7669,-72.225,69.98,90,26,1.28,scattered clouds
192,Coahuayana,MX,2022-02-07 01:48:37,18.7333,-103.6833,70.54,74,52,1.45,broken clouds
193,Thompson,CA,2022-02-07 01:53:27,55.7435,-97.8558,-7.44,71,100,4.61,overcast clouds
194,Sun Valley,US,2022-02-07 01:49:52,39.5963,-119.776,50.68,33,0,1.99,clear sky
195,Bredasdorp,ZA,2022-02-07 01:53:28,-34.5322,20.0403,62.28,88,12,3.44,few clouds
196,Tutayev,RU,2022-02-07 01:53:28,57.8853,39.5406,17.08,99,97,6.2,overcast clouds
197,Onega,RU,2022-02-07 01:53:29,63.9061,38.1404,8.38,94,82,11.56,broken clouds
198,Vao,NC,2022-02-07 01:53:29,-22.6667,167.4833,80.67,83,54,9.91,broken clouds
199,Moussoro,TD,2022-02-07 01:53:30,13.6408,16.4901,62.89,13,0,14.16,clear sky
200,Pinega,RU,2022-02-07 01:53:30,64.7001,43.3936,10.44,93,100,8.63,overcast clouds
201,Nhulunbuy,AU,2022-02-07 01:53:30,-12.2333,136.7667,86.61,66,40,9.22,scattered clouds
202,Poletayevo,RU,2022-02-07 01:53:31,55.0336,61.1138,-5.19,99,99,5.19,overcast clouds
203,Buraydah,SA,2022-02-07 01:53:31,26.326,43.975,45.05,46,0,6.76,clear sky
204,Sainte-Suzanne,RE,2022-02-07 01:53:32,-20.9061,55.6089,79.02,84,40,11.5,light rain
205,Ribeira Grande,PT,2022-02-07 01:53:32,38.5167,-28.7,61.18,84,10,14.58,clear sky
206,Fort Frances,CA,2022-02-07 01:53:32,48.5999,-93.4003,8.82,72,100,6.91,overcast clouds
207,Bavaniste,RS,2022-02-07 01:53:33,44.8189,20.8758,46.58,84,100,7.78,overcast clouds
208,Upata,VE,2022-02-07 01:53:33,8.0086,-62.3989,74.19,95,83,5.46,broken clouds
209,Zwedru,LR,2022-02-07 01:53:34,6.0667,-8.1281,71.94,97,100,2.39,overcast clouds
210,Kieta,PG,2022-02-07 01:53:34,-6.2167,155.6333,87.06,68,100,11.03,overcast clouds
211,Sagarejo,GE,2022-02-07 01:53:35,41.734,45.3315,32.43,65,59,14.16,broken clouds
212,Sao Joao Da Barra,BR,2022-02-07 01:52:21,-21.6403,-41.0511,76.62,88,2,20.69,clear sky
213,Cockburn Town,TC,2022-02-07 01:52:54,21.4612,-71.1419,75.16,64,20,9.22,few clouds
214,Salmon Creek,US,2022-02-07 01:53:35,45.7107,-122.649,53.04,73,29,0.98,scattered clouds
215,Mokolo,CM,2022-02-07 01:53:36,10.7398,13.8019,64.85,22,0,5.75,clear sky
216,Camacha,PT,2022-02-07 01:53:36,33.0833,-16.3333,59.76,63,40,10.36,scattered clouds
217,Shagonar,RU,2022-02-07 01:53:37,51.5333,92.8,-22.99,98,98,3.04,overcast clouds
218,Brooks,CA,2022-02-07 01:53:37,50.5834,-111.8851,44.58,39,2,8.05,clear sky
219,Port Hardy,CA,2022-02-07 01:53:38,50.6996,-127.4199,46.76,81,100,14.97,light intensity shower rain
220,Slave Lake,CA,2022-02-07 01:53:38,55.2834,-114.769,46.38,42,100,19.57,overcast clouds
221,Hvolsvollur,IS,2022-02-07 01:53:39,63.7533,-20.2243,29.8,82,100,26.15,heavy snow
222,Alice Town,BS,2022-02-07 01:53:39,25.7167,-79.3,74.19,73,0,5.66,clear sky
223,Bambous Virieux,MU,2022-02-07 01:53:40,-20.3428,57.7575,77.25,83,40,6.91,light rain
224,Iqaluit,CA,2022-02-07 01:53:40,63.7506,-68.5145,-36.31,73,0,3.0,clear sky
225,Clyde River,CA,2022-02-07 01:49:32,70.4692,-68.5914,-30.77,68,0,10.36,clear sky
226,Sitka,US,2022-02-07 01:51:13,57.0531,-135.33,44.49,76,100,10.36,overcast clouds
227,Bolshaya Rechka,RU,2022-02-07 01:53:41,51.9503,104.7355,5.27,85,67,2.98,broken clouds
228,Rovaniemi,FI,2022-02-07 01:53:41,66.5,25.7167,26.01,93,100,11.5,overcast clouds
229,Taki,IN,2022-02-07 01:53:42,22.5861,88.9214,58.95,61,52,0.29,broken clouds
230,Deputatskiy,RU,2022-02-07 01:53:42,69.3,139.9,-32.8,95,83,4.76,broken clouds
231,Zhigansk,RU,2022-02-07 01:53:43,66.7697,123.3711,-32.46,100,92,3.94,overcast clouds
232,Markova,UA,2022-02-07 01:53:43,48.6758,24.4138,36.45,81,100,5.95,overcast clouds
233,Taucha,DE,2022-02-07 01:53:44,51.3833,12.4833,39.97,76,75,1.01,broken clouds
234,Barranca,PE,2022-02-07 01:53:44,-10.75,-77.7667,70.75,75,100,7.31,overcast clouds
235,Vestmannaeyjar,IS,2022-02-07 01:53:45,63.4427,-20.2734,39.09,83,100,53.42,moderate rain
236,Hofn,IS,2022-02-07 01:51:21,64.2539,-15.2082,30.2,67,100,12.12,overcast clouds
237,Broome,US,2022-02-07 01:53:46,42.2506,-75.833,23.9,72,4,1.01,clear sky
238,Port Alfred,ZA,2022-02-07 01:53:47,-33.5906,26.891,73.96,78,98,4.9,overcast clouds
239,Sisimiut,GL,2022-02-07 01:53:47,66.9395,-53.6735,3.0,92,100,12.12,overcast clouds
240,Alofi,NU,2022-02-07 01:51:32,-19.0595,-169.9187,82.29,83,100,8.05,overcast clouds
241,Padang,ID,2022-02-07 01:52:48,-0.9492,100.3543,78.85,72,100,1.05,moderate rain
242,Torbay,CA,2022-02-07 01:53:48,47.6666,-52.7314,12.58,75,40,16.11,scattered clouds
243,Goderich,CA,2022-02-07 01:53:48,43.7501,-81.7165,28.9,68,100,12.66,overcast clouds
244,Cortez,US,2022-02-07 01:53:49,37.3489,-108.5859,31.69,36,1,3.44,clear sky
245,Broken Hill,AU,2022-02-07 01:53:49,-31.95,141.4333,80.31,29,0,12.66,clear sky
246,Sao Filipe,CV,2022-02-07 01:53:50,14.8961,-24.4956,72.61,76,0,5.19,clear sky
247,Shellbrook,CA,2022-02-07 01:53:50,53.2168,-106.4011,18.63,88,53,9.33,broken clouds
248,Morgan City,US,2022-02-07 01:52:48,29.6994,-91.2068,46.4,71,0,4.61,clear sky
249,Qarchi Gak,AF,2022-02-07 01:53:51,37.04,66.7889,35.69,71,100,7.2,overcast clouds
250,Mulege,MX,2022-02-07 01:53:51,26.8833,-111.9833,58.28,46,0,5.61,clear sky
251,Hearst,CA,2022-02-07 01:53:52,49.6835,-83.6665,5.25,95,100,8.14,overcast clouds
252,Talnakh,RU,2022-02-07 01:48:52,69.4865,88.3972,-28.37,99,56,0.51,broken clouds
253,Dzhebariki-Khaya,RU,2022-02-07 01:53:52,62.2167,135.8,-24.12,92,83,0.43,broken clouds
254,Mercedes,AR,2022-02-07 01:53:53,-34.6515,-59.4307,65.84,83,15,7.74,few clouds
255,Ugra,RU,2022-02-07 01:53:53,54.7777,34.3267,29.62,94,100,9.8,overcast clouds
256,Richards Bay,ZA,2022-02-07 01:53:54,-28.783,32.0377,71.31,91,78,2.66,light rain
257,Begunitsy,RU,2022-02-07 01:53:54,59.5855,29.3176,34.29,97,100,5.97,overcast clouds
258,Hay River,CA,2022-02-07 01:53:55,60.8156,-115.7999,21.18,79,75,6.91,broken clouds
259,Zhigalovo,RU,2022-02-07 01:53:55,54.8097,105.1578,14.95,95,100,2.24,overcast clouds
260,Adrar,MR,2022-02-07 01:53:56,20.5022,-10.0711,64.27,11,0,9.91,clear sky
261,Sompeta,IN,2022-02-07 01:53:56,18.9333,84.6,68.49,68,91,3.31,overcast clouds
262,Honningsvag,NO,2022-02-07 01:53:56,70.9821,25.9704,25.7,78,55,28.25,broken clouds
263,Codrington,AU,2022-02-07 01:53:57,-38.2667,141.9667,83.23,28,0,9.04,clear sky
264,Chilca,PE,2022-02-07 01:53:57,-12.5211,-76.7372,70.09,85,100,5.12,overcast clouds
265,Sesheke,ZM,2022-02-07 01:53:58,-17.4759,24.2968,65.14,94,97,5.3,overcast clouds
266,Port Augusta,AU,2022-02-07 01:53:58,-32.5,137.7667,91.71,18,10,18.21,clear sky
267,Laval,CA,2022-02-07 01:53:58,45.57,-73.692,24.03,79,100,4.61,overcast clouds
268,Yaan,NG,2022-02-07 01:53:59,7.3833,8.5667,75.56,17,0,4.23,clear sky
269,Falun,SE,2022-02-07 01:54:00,60.6036,15.626,25.21,94,55,2.84,broken clouds
270,Tigil,RU,2022-02-07 01:54:00,57.8,158.6667,20.08,76,78,8.16,broken clouds
271,Ahuimanu,US,2022-02-07 01:54:00,21.4447,-157.8378,77.45,73,40,4.0,scattered clouds
272,Shaunavon,CA,2022-02-07 01:54:01,49.6501,-108.4181,35.38,68,0,12.33,clear sky
273,Ourem,PT,2022-02-07 01:54:01,39.6417,-8.5919,45.18,54,16,2.39,few clouds
274,Balezino,RU,2022-02-07 01:54:02,57.9796,53.0106,12.2,97,100,5.23,overcast clouds
275,Metlaltoyuca,MX,2022-02-07 01:54:02,20.7333,-97.85,52.72,92,4,3.33,clear sky
276,Udachnyy,RU,2022-02-07 01:54:03,66.4167,112.4,-17.66,100,99,3.91,overcast clouds
277,Pisco,PE,2022-02-07 01:54:03,-13.7,-76.2167,67.01,88,0,5.75,clear sky
278,Karratha,AU,2022-02-07 01:54:03,-20.7377,116.8463,89.65,60,50,9.26,scattered clouds
279,La Ronge,CA,2022-02-07 01:54:04,55.1001,-105.2842,14.25,85,100,5.75,overcast clouds
280,Tiarei,PF,2022-02-07 01:54:04,-17.5333,-149.3333,86.02,74,69,20.58,light rain
281,Brigantine,US,2022-02-07 01:54:05,39.4101,-74.3646,37.02,80,14,7.25,few clouds
282,Angoche,MZ,2022-02-07 01:54:05,-16.2325,39.9086,73.87,94,91,10.31,overcast clouds
283,Methoni,GR,2022-02-07 01:54:06,36.8197,21.7049,56.21,83,69,6.62,broken clouds
284,Nanortalik,GL,2022-02-07 01:54:06,60.1432,-45.2371,18.88,65,100,42.73,overcast clouds
285,Touros,BR,2022-02-07 01:54:07,-5.1989,-35.4608,79.7,74,22,9.37,few clouds
286,Marawi,PH,2022-02-07 01:54:07,7.9986,124.2928,72.64,53,25,4.05,scattered clouds
287,Maxixe,MZ,2022-02-07 01:54:08,-23.8597,35.3472,75.72,84,68,12.37,broken clouds
288,Nouadhibou,MR,2022-02-07 01:54:08,20.931,-17.0347,65.1,80,94,13.31,overcast clouds
289,East London,ZA,2022-02-07 01:54:09,-33.0153,27.9116,71.08,84,99,14.05,overcast clouds
290,Kosh-Agach,RU,2022-02-07 01:54:09,50.0,88.6667,-26.19,78,61,2.44,broken clouds
291,Cap-Aux-Meules,CA,2022-02-07 01:54:09,47.3821,-61.8597,10.42,72,75,5.75,broken clouds
292,Bonthe,SL,2022-02-07 01:54:10,7.5264,-12.505,77.09,90,96,3.51,overcast clouds
293,Sur,OM,2022-02-07 01:54:10,22.5667,59.5289,69.21,65,0,11.07,clear sky
294,Esil,KZ,2022-02-07 01:54:11,51.9556,66.4042,17.6,91,100,10.18,overcast clouds
295,Cristalina,BR,2022-02-07 01:54:11,-16.7686,-47.6136,61.63,96,100,2.64,overcast clouds
296,Turayf,SA,2022-02-07 01:54:12,31.6725,38.6637,41.25,100,0,4.61,clear sky
297,Suchedniow,PL,2022-02-07 01:54:12,51.0478,20.8292,40.78,77,100,15.5,overcast clouds
298,Ancud,CL,2022-02-07 01:54:12,-41.8697,-73.8203,60.33,87,5,3.74,clear sky
299,Ayan,RU,2022-02-07 01:54:13,56.45,138.1667,5.05,61,91,6.42,overcast clouds
300,Redlands,US,2022-02-07 01:54:13,34.0556,-117.1825,71.82,16,0,5.14,clear sky
301,Lata,PT,2022-02-07 01:54:14,40.1629,-8.3327,46.04,61,12,4.12,few clouds
302,Roma,US,2022-02-07 01:54:14,43.2128,-75.4557,25.95,72,5,3.0,clear sky
303,Acapulco,MX,2022-02-07 01:50:56,16.8634,-99.8901,78.24,71,2,9.48,clear sky
304,Quelimane,MZ,2022-02-07 01:54:15,-17.8786,36.8883,76.95,94,20,8.05,few clouds
305,Chinhoyi,ZW,2022-02-07 01:54:15,-17.3667,30.2,59.27,95,69,3.87,broken clouds
306,Khasan,RU,2022-02-07 01:54:16,42.4308,130.6434,21.88,48,3,13.11,clear sky
307,Calvinia,ZA,2022-02-07 01:54:16,-31.4707,19.776,73.29,36,0,2.19,clear sky
308,Znamenskoye,RU,2022-02-07 01:54:16,57.1281,73.8282,-3.15,97,100,4.43,overcast clouds
309,Ostrovnoy,RU,2022-02-07 01:54:17,68.0531,39.5131,11.84,88,16,19.71,few clouds
310,Keokuk,US,2022-02-07 01:54:17,40.3973,-91.3849,32.56,80,100,16.11,overcast clouds
311,San Martin,AR,2022-02-07 01:54:18,-33.081,-68.4681,72.14,34,0,7.11,clear sky
312,Abhar,IR,2022-02-07 01:54:18,36.1468,49.218,28.24,78,100,8.3,overcast clouds
313,Riberalta,BO,2022-02-07 01:54:19,-10.9833,-66.1,72.36,98,100,2.84,moderate rain
314,Boa Vista,BR,2022-02-07 01:54:19,2.8197,-60.6733,82.38,65,75,5.75,broken clouds
315,Yushu,CN,2022-02-07 01:54:20,44.8,126.5333,10.22,83,41,5.08,scattered clouds
316,Hualmay,PE,2022-02-07 01:54:03,-11.0964,-77.6139,70.57,79,100,8.59,overcast clouds
317,Arecibo,PR,2022-02-07 01:53:13,18.4724,-66.7157,74.26,97,43,12.66,light rain
318,Winnemucca,US,2022-02-07 01:54:21,40.973,-117.7357,48.25,27,0,5.75,clear sky
319,Whitecourt,CA,2022-02-07 01:54:22,54.1502,-115.6855,47.44,39,75,10.36,broken clouds
320,Mwembe,TZ,2022-02-07 01:54:22,-4.15,37.85,67.55,89,100,0.4,light rain
321,Dakar,SN,2022-02-07 01:50:30,14.6937,-17.4441,68.88,79,0,15.17,clear sky
322,Boende,CD,2022-02-07 01:54:23,-0.2167,20.8667,72.41,58,100,1.01,overcast clouds
323,Cherskiy,RU,2022-02-07 01:54:24,68.75,161.3,-27.71,99,23,0.34,few clouds
324,Fairbanks,US,2022-02-07 01:50:02,64.8378,-147.7164,-2.9,77,100,0.0,overcast clouds
325,Lekoni,GA,2022-02-07 01:54:24,-1.5843,14.2591,76.26,69,65,2.75,broken clouds
326,Labytnangi,RU,2022-02-07 01:54:25,66.6572,66.4183,-19.97,100,100,1.66,overcast clouds
327,Ibresi,RU,2022-02-07 01:54:25,55.2961,47.0394,-3.91,100,99,3.49,overcast clouds
328,Vila Velha,BR,2022-02-07 01:54:21,-20.3297,-40.2925,80.55,86,75,5.01,broken clouds
329,Bandarbeyla,SO,2022-02-07 01:54:26,9.4942,50.8122,74.46,75,98,12.48,overcast clouds
330,Pedernales,DO,2022-02-07 01:54:26,18.0384,-71.744,75.97,72,20,2.57,few clouds
331,Bodaybo,RU,2022-02-07 01:54:27,57.8506,114.1933,10.4,93,100,3.85,overcast clouds
332,Pimentel,PE,2022-02-07 01:54:27,-6.8367,-79.9342,70.61,80,98,12.73,overcast clouds
333,Vetlanda,SE,2022-02-07 01:54:28,57.4289,15.0776,33.67,93,34,7.18,scattered clouds
334,Halvad,IN,2022-02-07 01:54:28,23.0167,71.1833,59.68,77,0,4.99,clear sky
335,Omboue,GA,2022-02-07 01:54:29,-1.5746,9.2618,77.22,87,77,5.46,broken clouds
336,Troitsko-Pechorsk,RU,2022-02-07 01:54:29,62.7084,56.1964,11.57,91,100,6.8,overcast clouds
337,Yanam,IN,2022-02-07 01:54:30,16.7333,82.2167,70.2,83,97,2.75,overcast clouds
338,The Valley,AI,2022-02-07 01:54:30,18.217,-63.0578,77.09,71,84,22.97,broken clouds
339,Chuguyevka,RU,2022-02-07 01:54:30,44.1653,133.8633,9.54,82,99,4.36,overcast clouds
340,Mwandiga,TZ,2022-02-07 01:54:31,-4.83,29.6581,67.62,93,100,1.88,moderate rain
341,Saint Anthony,US,2022-02-07 01:51:07,45.0205,-93.218,12.4,68,75,5.01,broken clouds
342,Tessalit,ML,2022-02-07 01:54:31,20.1986,1.0114,60.49,16,0,6.29,clear sky
343,Iskateley,RU,2022-02-07 01:52:48,67.6803,53.1512,15.15,87,100,17.11,overcast clouds
344,Avera,US,2022-02-07 01:54:32,33.194,-82.5271,42.71,54,100,8.72,overcast clouds
345,Aksarka,RU,2022-02-07 01:54:33,66.5606,67.7975,-14.73,100,96,6.6,overcast clouds
346,Saint-Joseph,RE,2022-02-07 01:54:33,-21.3667,55.6167,77.38,80,78,11.12,broken clouds
347,Tondano,ID,2022-02-07 01:54:33,1.3038,124.9112,77.09,67,94,6.62,overcast clouds
348,Gaoyou,CN,2022-02-07 01:54:34,32.7858,119.4278,31.93,99,100,10.09,light snow
349,Tazovskiy,RU,2022-02-07 01:54:34,67.4667,78.7,-25.1,100,89,0.49,overcast clouds
350,Skibbereen,IE,2022-02-07 01:54:35,51.55,-9.2667,52.11,96,78,8.14,broken clouds
351,Bubaque,GW,2022-02-07 01:54:35,11.2833,-15.8333,76.87,70,6,9.28,clear sky
352,Cody,US,2022-02-07 01:50:34,44.5263,-109.0565,35.58,47,7,7.02,clear sky
353,Biritiba-Mirim,BR,2022-02-07 01:54:36,-23.5698,-46.0407,73.18,97,100,1.59,heavy intensity rain
354,Ponta Do Sol,PT,2022-02-07 01:54:36,32.6667,-17.1,63.23,67,5,10.47,clear sky
355,Lorengau,PG,2022-02-07 01:54:37,-2.0226,147.2712,83.32,78,99,7.67,light rain
356,Kamenka,RU,2022-02-07 01:53:29,51.3223,42.7678,13.5,100,89,5.91,overcast clouds
357,Winburg,ZA,2022-02-07 01:54:37,-28.518,27.0093,59.36,81,35,7.0,scattered clouds
358,Torrelavega,ES,2022-02-07 01:54:38,43.3494,-4.0479,49.8,75,56,4.0,broken clouds
359,Beruwala,LK,2022-02-07 01:54:38,6.4788,79.9828,75.88,82,90,4.83,overcast clouds
360,Haines Junction,CA,2022-02-07 01:54:38,60.7522,-137.5108,40.95,36,13,13.8,few clouds
361,Hamilton,US,2022-02-07 01:51:04,39.1834,-84.5333,31.42,82,0,0.0,clear sky
362,Rio Gallegos,AR,2022-02-07 01:50:23,-51.6226,-69.2181,64.45,42,75,28.77,broken clouds
363,Floro,NO,2022-02-07 01:54:39,61.5996,5.0328,39.16,75,75,27.63,broken clouds
364,Silistra,BG,2022-02-07 01:54:40,44.1167,27.2667,39.9,40,29,6.55,scattered clouds
365,Waingapu,ID,2022-02-07 01:54:40,-9.6567,120.2641,86.0,67,18,10.11,few clouds
366,Vilcun,CL,2022-02-07 01:54:41,-38.65,-72.2333,61.54,70,0,1.21,clear sky
367,Green Valley,US,2022-02-07 01:54:41,31.8543,-110.9937,61.75,19,0,1.01,clear sky
368,Nushki,PK,2022-02-07 01:54:42,29.5542,66.0215,48.38,31,6,3.47,clear sky
369,Colac,AU,2022-02-07 01:54:42,-38.3333,143.5833,77.16,31,0,2.59,clear sky
370,Petropavlovka,RU,2022-02-07 01:54:42,50.6114,105.3196,1.63,90,46,3.22,scattered clouds
371,Moose Factory,CA,2022-02-07 01:54:43,51.2585,-80.6094,-4.0,77,0,5.75,clear sky
372,Elat,IL,2022-02-07 01:54:43,29.5581,34.9482,53.44,47,0,5.75,clear sky
373,Port Blair,IN,2022-02-07 01:51:34,11.6667,92.75,78.84,83,40,4.61,scattered clouds
374,Tornio,FI,2022-02-07 01:54:44,65.8481,24.1466,30.22,93,100,9.64,overcast clouds
375,Alta Floresta,BR,2022-02-07 01:54:44,-9.8756,-56.0861,72.39,96,94,1.54,moderate rain
376,Pevek,RU,2022-02-07 01:54:45,69.7008,170.3133,-23.03,98,30,1.01,scattered clouds
377,Margate,GB,2022-02-07 01:54:45,51.3813,1.3862,42.75,68,4,10.0,clear sky
378,Marzuq,YE,2022-02-07 01:54:46,14.4,46.4667,58.19,49,100,3.44,overcast clouds
379,Umm Kaddadah,SD,2022-02-07 01:54:46,13.6017,26.6876,53.31,29,82,14.29,broken clouds
380,Sola,VU,2022-02-07 01:54:47,-13.8833,167.55,82.81,80,100,20.29,light rain
381,Olkhovatka,RU,2022-02-07 01:54:47,50.2831,39.2872,25.32,97,99,8.19,light snow
382,Lasa,IT,2022-02-07 01:54:48,46.6166,10.7002,44.06,91,100,5.7,snow
383,Dubbo,AU,2022-02-07 01:54:48,-32.25,148.6167,73.53,46,75,17.27,broken clouds
384,Soure,BR,2022-02-07 01:54:48,-0.7167,-48.5233,77.77,86,100,6.64,overcast clouds
385,Nioro,GM,2022-02-07 01:54:49,13.35,-15.75,74.62,33,0,1.68,clear sky
386,Sioux Lookout,CA,2022-02-07 01:50:32,50.1001,-91.917,5.38,92,0,2.3,clear sky
387,French Harbor,HN,2022-02-07 01:54:49,16.35,-86.4333,73.4,88,40,0.0,scattered clouds
388,Hovd,MN,2022-02-07 01:54:50,48.0056,91.6419,-13.68,68,12,3.18,few clouds
389,Taltal,CL,2022-02-07 01:54:50,-25.4,-70.4833,67.86,73,3,4.27,clear sky
390,Uruzgan,AF,2022-02-07 01:54:51,32.8333,66.0,33.28,54,0,6.78,clear sky
391,Kaoma,ZM,2022-02-07 01:54:51,-14.7833,24.8,64.13,98,99,4.99,light rain
392,Santa Isabel Do Rio Negro,BR,2022-02-07 01:54:51,-0.4139,-65.0192,72.23,97,95,2.35,overcast clouds
393,Ucluelet,CA,2022-02-07 01:54:52,48.9329,-125.5528,45.09,90,67,8.88,broken clouds
394,Bundaberg,AU,2022-02-07 01:54:52,-24.85,152.35,75.49,88,75,1.01,broken clouds
395,Maralal,KE,2022-02-07 01:54:53,1.0968,36.698,60.51,58,100,3.22,overcast clouds
396,Verkhnyaya Inta,RU,2022-02-07 01:54:53,65.9811,60.3094,8.78,80,100,7.31,overcast clouds
397,Half Moon Bay,US,2022-02-07 01:54:53,37.4636,-122.4286,62.87,63,0,1.01,clear sky
398,Newport,GB,2022-02-07 01:54:54,51.5877,-2.9984,43.83,81,34,12.55,scattered clouds
399,Santa Marta,CO,2022-02-07 01:51:32,11.2408,-74.199,82.45,65,20,12.66,few clouds
400,Havre-Saint-Pierre,CA,2022-02-07 01:54:55,50.2334,-63.5986,7.39,71,100,6.91,overcast clouds
401,Sherlovaya Gora,RU,2022-02-07 01:54:55,50.5667,116.25,-2.67,99,99,2.84,overcast clouds
402,Pangnirtung,CA,2022-02-07 01:54:56,66.1451,-65.7125,-37.5,96,100,3.98,overcast clouds
403,Luderitz,NA,2022-02-07 01:54:56,-26.6481,15.1594,68.68,74,49,3.22,scattered clouds
404,Morant Bay,JM,2022-02-07 01:54:57,17.8815,-76.4093,76.62,77,4,5.44,clear sky
405,Usevya,TZ,2022-02-07 01:54:57,-7.1,31.2333,65.03,95,100,2.1,overcast clouds
406,Sampit,ID,2022-02-07 01:54:57,-2.5333,112.95,74.64,95,100,1.74,light rain
407,Burnie,AU,2022-02-07 01:54:58,-41.0667,145.9167,70.95,51,0,10.51,clear sky
408,Plainview,US,2022-02-07 01:54:58,40.7765,-73.4673,31.51,78,94,1.01,overcast clouds
409,Elizabeth City,US,2022-02-07 01:54:59,36.2946,-76.2511,41.05,83,100,1.01,overcast clouds
410,Mongu,ZM,2022-02-07 01:54:59,-15.2484,23.1274,66.13,97,100,5.64,moderate rain
411,Kahului,US,2022-02-07 01:54:59,20.8947,-156.47,79.86,71,38,12.93,scattered clouds
412,Pathein,MM,2022-02-07 01:55:00,16.7833,94.7333,75.13,49,48,9.84,scattered clouds
413,Tayshet,RU,2022-02-07 01:55:00,55.9342,98.0044,14.0,90,100,3.83,overcast clouds
414,Kangaatsiaq,GL,2022-02-07 01:55:01,68.3065,-53.4641,7.84,86,100,24.25,overcast clouds
415,Herat,AF,2022-02-07 01:55:01,34.5,62.0,38.44,72,0,5.32,clear sky
416,Phonhong,LA,2022-02-07 01:55:02,18.5007,102.4166,71.42,65,95,0.2,overcast clouds
417,Kargasok,RU,2022-02-07 01:55:02,59.0556,80.8572,-1.55,100,97,4.92,overcast clouds
418,Iquitos,PE,2022-02-07 01:55:02,-3.7481,-73.2472,77.04,94,40,2.3,scattered clouds
419,Risti,EE,2022-02-07 01:55:03,58.9975,24.058,33.71,99,100,3.78,overcast clouds
420,Serebryansk,KZ,2022-02-07 01:55:03,49.6925,83.2892,-13.29,84,23,5.35,few clouds
421,Port Harcourt,NG,2022-02-07 01:55:04,4.7774,7.0134,77.83,86,0,3.51,clear sky
422,Jieshi,CN,2022-02-07 01:51:41,22.8134,115.8257,58.95,84,100,17.47,overcast clouds
423,Marsa Matruh,EG,2022-02-07 01:55:04,31.3525,27.2453,46.6,81,0,0.0,clear sky
424,Fomboni,KM,2022-02-07 01:55:05,-12.28,43.7425,82.29,76,2,9.17,moderate rain
425,Hidalgo,MX,2022-02-07 01:55:06,20.5,-99.0,55.58,64,65,4.25,broken clouds
426,Baculin,PH,2022-02-07 01:55:06,7.4525,126.5842,80.56,80,63,8.37,broken clouds
427,Cayenne,GF,2022-02-07 01:55:07,4.9333,-52.3333,80.1,87,75,3.0,broken clouds
428,Wenling,CN,2022-02-07 01:55:07,28.3669,121.36,42.91,91,100,3.38,overcast clouds
429,Braila,RO,2022-02-07 01:55:07,45.2667,27.9833,36.5,52,100,12.53,overcast clouds
430,Arlit,NE,2022-02-07 01:55:08,18.7369,7.3853,61.79,12,0,8.21,clear sky
431,Skovorodino,RU,2022-02-07 01:55:08,53.9833,123.9167,1.56,74,100,2.24,overcast clouds
432,Juba,SS,2022-02-07 01:55:09,4.8517,31.5825,71.08,29,46,3.91,scattered clouds
433,Raha,IN,2022-02-07 01:55:09,26.2333,92.5167,56.57,73,5,3.76,clear sky
434,Karasjok,NO,2022-02-07 01:55:09,69.4719,25.5112,19.51,100,100,3.62,overcast clouds
435,Chernyshevskiy,RU,2022-02-07 01:55:10,63.0128,112.4714,-6.63,98,100,2.89,overcast clouds
436,Sarangani,PH,2022-02-07 01:55:10,5.4033,125.4636,81.43,77,81,24.27,broken clouds
437,Salalah,OM,2022-02-07 01:55:11,17.0151,54.0924,68.58,28,83,15.17,broken clouds
438,Port Hueneme,US,2022-02-07 01:55:11,34.1478,-119.1951,72.61,52,0,5.3,clear sky
439,Acarau,BR,2022-02-07 01:55:12,-2.8856,-40.12,79.12,78,2,12.97,clear sky
440,Lerwick,GB,2022-02-07 01:55:12,60.1545,-1.1494,37.4,53,82,32.39,broken clouds
441,Lingyuan,CN,2022-02-07 01:55:12,41.24,119.4011,22.89,43,100,2.57,overcast clouds
442,Camocim,BR,2022-02-07 01:55:13,-2.9022,-40.8411,77.63,86,5,8.59,clear sky
443,Korla,CN,2022-02-07 01:55:03,41.7597,86.1469,22.6,49,73,3.51,broken clouds
444,Jalu,LY,2022-02-07 01:55:13,29.0331,21.5482,55.72,33,3,6.73,clear sky
445,Murgab,TM,2022-02-07 01:55:14,37.4966,61.9714,39.07,87,100,6.91,light intensity shower rain
446,Carson City,US,2022-02-07 01:50:25,39.1638,-119.7674,50.83,37,0,3.0,clear sky
447,Agirish,RU,2022-02-07 01:55:15,61.9247,63.0231,6.21,96,100,7.05,overcast clouds
448,Roebourne,AU,2022-02-07 01:55:15,-20.7833,117.1333,88.83,62,65,8.99,broken clouds
449,Anaconda,US,2022-02-07 01:55:15,46.1285,-112.9423,27.75,79,11,7.23,few clouds
450,Tiznit,MA,2022-02-07 01:55:16,29.5833,-9.5,61.21,23,4,6.26,clear sky
451,Kirovskiy,RU,2022-02-07 01:55:16,45.0917,133.5136,7.95,87,98,5.46,overcast clouds
452,Turukhansk,RU,2022-02-07 01:55:17,65.8167,87.9833,-25.38,100,45,3.89,scattered clouds
453,Moissac,FR,2022-02-07 01:55:18,44.1024,1.0945,50.27,84,92,17.98,overcast clouds
454,Axim,GH,2022-02-07 01:55:19,4.8699,-2.2405,78.19,87,100,4.59,overcast clouds
455,Stolin,BY,2022-02-07 01:55:19,51.8912,26.846,33.17,98,100,15.39,light snow
456,Viransehir,TR,2022-02-07 01:55:19,37.2353,39.7631,36.09,62,0,5.32,clear sky
457,Saint-Augustin,CA,2022-02-07 01:55:20,51.226,-58.6502,-23.22,91,16,5.3,few clouds
458,Santa Maria,BR,2022-02-07 01:55:21,-29.6842,-53.8069,65.5,68,0,2.3,clear sky
459,Biltine,TD,2022-02-07 01:55:21,14.5333,20.9167,61.07,19,0,14.14,clear sky
460,Kargopol,RU,2022-02-07 01:55:22,61.5071,38.9456,9.64,95,97,7.81,overcast clouds
461,Manono,CD,2022-02-07 01:55:22,-7.3,27.4167,67.3,99,100,2.3,light rain
462,Trat,TH,2022-02-07 01:55:22,12.5,102.5,84.25,51,100,8.34,overcast clouds
463,Hudson Bay,CA,2022-02-07 01:55:23,52.85,-102.3842,8.91,94,99,6.69,overcast clouds
464,San Patricio,US,2022-02-07 01:55:23,28.017,-97.5169,59.68,82,100,10.83,overcast clouds
465,Hambantota,LK,2022-02-07 01:55:24,6.1241,81.1185,77.34,88,40,4.61,scattered clouds
466,Lamar,US,2022-02-07 01:54:04,33.6668,-95.5836,48.11,34,0,0.0,clear sky
467,Kashi,CN,2022-02-07 01:55:26,39.4547,75.9797,28.26,79,40,4.47,scattered clouds
468,Strezhevoy,RU,2022-02-07 01:55:26,60.7333,77.5889,-2.02,98,10,7.92,clear sky
469,Egvekinot,RU,2022-02-07 01:55:27,66.3167,-179.1667,-11.78,84,1,8.55,clear sky
470,Uarini,BR,2022-02-07 01:55:27,-2.99,-65.1083,78.75,97,100,1.7,overcast clouds
471,Saint-Pierre,RE,2022-02-07 01:55:28,-21.3393,55.4781,78.48,78,0,6.91,clear sky
472,Pocone,BR,2022-02-07 01:55:28,-16.2567,-56.6228,73.92,93,100,4.29,overcast clouds
473,Novo Cruzeiro,BR,2022-02-07 01:55:28,-17.4681,-41.8753,64.56,97,100,1.3,overcast clouds
474,Naze,JP,2022-02-07 01:55:29,28.3667,129.4833,54.52,59,100,3.6,overcast clouds
475,Lewistown,US,2022-02-07 01:55:29,40.5992,-77.5714,30.18,68,0,3.44,light intensity drizzle
476,Newnan,US,2022-02-07 01:52:40,33.3807,-84.7997,47.71,50,100,1.01,overcast clouds
477,Mount Isa,AU,2022-02-07 01:55:30,-20.7333,139.5,87.57,40,75,11.5,broken clouds
478,Hasaki,JP,2022-02-07 01:52:57,35.7333,140.8333,45.28,37,6,9.13,clear sky
479,Kytmanovo,RU,2022-02-07 01:55:30,53.4593,85.4479,-3.5,98,100,2.42,overcast clouds
480,Alihe,CN,2022-02-07 01:52:12,50.5667,123.7167,7.18,68,68,2.82,broken clouds
481,Palu,ID,2022-02-07 01:55:32,-0.8917,119.8707,88.36,61,99,3.0,overcast clouds
482,Roscommon,IE,2022-02-07 01:55:33,53.6333,-8.1833,41.29,88,80,4.97,broken clouds
483,Akyab,MM,2022-02-07 01:55:33,20.15,92.9,62.11,55,96,6.64,overcast clouds
484,Businga,CD,2022-02-07 01:55:33,3.3333,20.8833,68.81,33,96,3.29,overcast clouds
485,Asuncion Nochixtlan,MX,2022-02-07 01:55:34,17.4667,-97.2333,53.65,75,46,3.96,scattered clouds
486,Matagami,CA,2022-02-07 01:55:34,49.7502,-77.6328,8.71,85,100,0.0,light snow
487,Cape Coast,GH,2022-02-07 01:55:35,5.1053,-1.2466,79.36,87,98,8.32,overcast clouds
488,Novyy Urengoy,RU,2022-02-07 01:55:35,66.0833,76.6333,-21.19,100,80,1.83,broken clouds
489,Pinotepa Nacional,MX,2022-02-07 01:55:36,16.3167,-98.0167,73.67,78,10,0.36,clear sky
490,Nador,MA,2022-02-07 01:54:15,35.174,-2.9287,57.45,82,40,5.75,scattered clouds
491,Nantucket,US,2022-02-07 01:52:32,41.2835,-70.0995,32.14,70,0,10.36,clear sky
492,Phalaborwa,ZA,2022-02-07 01:55:36,-23.943,31.1411,70.88,85,6,9.64,clear sky
493,Muli,MV,2022-02-07 01:55:37,2.9167,73.5667,81.45,63,14,11.41,few clouds
494,Namatanai,PG,2022-02-07 01:55:37,-3.6667,152.4333,85.93,65,100,6.38,overcast clouds
495,Sobolevo,RU,2022-02-07 01:55:38,54.4299,31.8996,30.18,94,99,14.34,light snow
496,Golden,US,2022-02-07 01:55:38,39.7555,-105.2211,32.14,55,20,1.99,few clouds
497,Nagua,DO,2022-02-07 01:55:40,19.3832,-69.8474,74.44,90,32,6.22,scattered clouds
498,Wencheng,CN,2022-02-07 01:55:40,33.0559,113.7978,32.49,83,100,6.64,snow
499,Moanda,GA,2022-02-07 01:55:40,-1.5575,13.2178,71.67,86,81,3.02,broken clouds
500,Vostok,RU,2022-02-07 01:55:41,46.4856,135.8833,5.11,83,98,4.14,overcast clouds
501,Ascension,US,2022-02-07 01:55:41,30.2169,-90.9001,46.27,67,0,0.0,clear sky
502,Kasongo-Lunda,CD,2022-02-07 01:55:42,-6.4667,16.8167,69.71,98,100,1.3,overcast clouds
503,Biak,ID,2022-02-07 01:51:45,-0.9131,122.8766,82.76,65,98,1.86,overcast clouds
504,Santa Cruz,BO,2022-02-07 01:54:40,-17.8,-63.1667,74.66,73,40,5.75,scattered clouds
505,Kisangani,CD,2022-02-07 01:55:43,0.5167,25.2,68.04,55,100,1.25,overcast clouds
506,Atar,MR,2022-02-07 01:55:44,20.5169,-13.0499,69.67,11,0,5.5,clear sky
507,Chapais,CA,2022-02-07 01:55:45,49.7834,-74.8492,4.78,95,100,6.08,light snow
508,Ipixuna,BR,2022-02-07 01:55:45,-1.7625,-48.8043,75.15,97,100,2.62,heavy intensity rain
509,Cherdakly,RU,2022-02-07 01:55:46,54.3594,48.845,19.35,93,100,6.71,overcast clouds
510,Chateauroux,FR,2022-02-07 01:55:47,46.8167,1.7,50.0,93,100,18.41,overcast clouds
511,Lodingen,NO,2022-02-07 01:55:47,68.414,15.9951,30.43,69,100,1.97,overcast clouds
512,Neepawa,CA,2022-02-07 01:53:11,50.2289,-99.4664,1.8,96,100,8.99,light snow
513,Cartagena,CO,2022-02-07 01:55:48,10.3997,-75.5144,78.42,78,40,10.36,scattered clouds
514,Nakhon Thai,TH,2022-02-07 01:55:49,17.1006,100.8374,81.39,59,100,2.28,overcast clouds
515,Tura,IN,2022-02-07 01:55:49,25.5198,90.2201,56.55,69,0,1.88,clear sky
516,Oxford,GB,2022-02-07 01:55:50,51.7522,-1.256,41.92,80,9,1.99,clear sky
517,Lagos,NG,2022-02-07 01:53:29,6.5833,3.75,80.92,96,36,1.43,scattered clouds
518,Rio Grande,BR,2022-02-07 01:53:37,-32.035,-52.0986,64.51,61,0,14.74,clear sky
519,Lompoc,US,2022-02-07 01:55:51,34.6391,-120.4579,62.91,67,0,9.22,clear sky
520,Behbahan,IR,2022-02-07 01:55:52,30.5959,50.2417,42.12,65,0,6.53,clear sky
521,Umm Lajj,SA,2022-02-07 01:55:53,25.0213,37.2685,65.62,36,0,15.19,clear sky
522,Novobirilyussy,RU,2022-02-07 01:55:53,56.9514,90.6661,2.82,96,52,4.54,broken clouds
523,Blue Springs,US,2022-02-07 01:55:54,39.0169,-94.2816,39.11,77,22,7.83,few clouds
524,Severnyy,RU,2022-02-07 01:55:54,50.677,36.5532,32.04,80,40,4.47,light snow
525,Komsomolskiy,UZ,2022-02-07 01:55:55,40.4272,71.7189,38.12,87,100,4.61,overcast clouds
526,Altamira,BR,2022-02-07 01:55:36,-3.2033,-52.2064,73.06,99,100,2.35,overcast clouds
527,Hobyo,SO,2022-02-07 01:55:56,5.3505,48.5268,75.7,71,100,17.63,overcast clouds
528,Qaqortoq,GL,2022-02-07 01:55:56,60.7167,-46.0333,11.37,60,100,29.82,overcast clouds
529,Murray Bridge,AU,2022-02-07 01:55:57,-35.1167,139.2667,91.31,23,3,15.64,clear sky
530,Kapit,MY,2022-02-07 01:55:57,2.0167,112.9333,76.71,96,100,1.54,overcast clouds
531,Saint-Georges,GD,2022-02-07 01:55:58,12.0564,-61.7485,78.48,83,75,14.97,broken clouds
532,Ponta Delgada,PT,2022-02-07 01:54:42,37.7333,-25.6667,60.49,82,75,11.5,broken clouds
533,Labuan,MY,2022-02-07 01:55:59,5.2767,115.2417,84.36,78,40,5.99,scattered clouds
534,Belmonte,BR,2022-02-07 01:55:59,-15.8631,-38.8828,79.3,85,38,6.49,scattered clouds
535,Johnstown,US,2022-02-07 01:51:34,40.3267,-78.922,30.15,75,0,9.22,clear sky
536,Saveh,IR,2022-02-07 01:56:00,35.0213,50.3566,40.32,59,100,4.74,overcast clouds
537,Pangkalanbuun,ID,2022-02-07 01:56:01,-2.6833,111.6167,75.9,94,100,2.33,overcast clouds
538,Miami,US,2022-02-07 01:51:45,25.7743,-80.1937,75.22,85,20,3.0,few clouds
539,Tambun,ID,2022-02-07 01:56:02,-6.2641,107.0712,83.48,94,40,3.44,mist
540,Van Buren,US,2022-02-07 01:56:03,35.4368,-94.3483,40.19,88,83,2.68,broken clouds
541,Belyy Yar,RU,2022-02-07 01:56:03,53.6039,91.3903,-2.31,78,100,2.24,mist
542,Launceston,AU,2022-02-07 01:56:04,-41.45,147.1667,75.61,44,0,3.0,clear sky
543,Osa,RU,2022-02-07 01:56:04,57.2829,55.4567,13.62,92,100,4.54,overcast clouds
544,Mecca,SA,2022-02-07 01:56:05,21.4267,39.8261,63.7,48,0,2.73,clear sky
545,Galesong,ID,2022-02-07 01:56:05,-5.3166,119.3661,80.62,74,17,10.4,few clouds
546,Rusii Munti,RO,2022-02-07 01:56:06,46.9167,24.85,37.27,87,100,2.55,overcast clouds
547,Severobaykalsk,RU,2022-02-07 01:56:06,55.65,109.3167,7.97,85,100,2.04,overcast clouds
548,Pierre,US,2022-02-07 01:56:06,44.3683,-100.351,40.28,53,53,4.21,broken clouds
549,Svetlaya,RU,2022-02-07 01:56:07,46.5389,138.3297,15.85,53,6,3.49,clear sky
550,Cabo San Lucas,MX,2022-02-07 01:56:07,22.8909,-109.9124,67.14,68,0,2.59,clear sky
551,Diego De Almagro,CL,2022-02-07 01:56:08,-26.3667,-70.05,66.96,32,0,1.28,clear sky
552,Kholmsk,RU,2022-02-07 01:56:08,47.0511,142.0569,20.08,79,100,15.05,overcast clouds
553,Canutama,BR,2022-02-07 01:56:09,-6.5339,-64.3831,72.7,99,100,2.06,overcast clouds
554,Auki,SB,2022-02-07 01:56:09,-8.7676,160.7034,84.81,78,100,11.21,overcast clouds
555,Bairiki,KI,2022-02-07 01:56:10,1.3292,172.9752,86.0,74,20,12.66,few clouds
556,Taksimo,RU,2022-02-07 01:56:10,56.3444,114.8794,-2.0,94,100,0.56,overcast clouds
557,Taunggyi,MM,2022-02-07 01:56:10,20.7833,97.0333,56.26,49,3,4.74,clear sky
558,Praya,CV,2022-02-07 01:54:06,14.9215,-23.5087,68.54,83,0,16.11,clear sky
559,Shingu,JP,2022-02-07 01:56:11,33.7333,135.9833,43.79,41,85,9.1,overcast clouds
560,Ballina,AU,2022-02-07 01:56:12,-28.8667,153.5667,77.04,76,40,12.66,light rain
561,Barcelos,PT,2022-02-07 01:56:12,41.5388,-8.6151,49.68,66,64,5.12,broken clouds
562,Graulhet,FR,2022-02-07 01:56:13,43.7669,1.9894,46.35,84,100,16.89,overcast clouds
563,Anahuac,MX,2022-02-07 01:56:13,27.2333,-100.15,56.21,32,100,7.43,overcast clouds
564,Gravdal,NO,2022-02-07 01:56:13,68.1214,13.5031,34.56,82,100,9.37,light snow
565,Weihai,CN,2022-02-07 01:56:14,37.5017,122.1136,33.78,57,100,5.17,overcast clouds
566,Laguna,US,2022-02-07 01:56:14,38.421,-121.4238,62.44,60,0,5.75,clear sky
567,Dingzhou,CN,2022-02-07 01:56:15,38.5131,114.9956,28.51,35,100,4.18,overcast clouds
568,Zwickau,DE,2022-02-07 01:56:15,50.7167,12.4833,38.21,79,100,21.39,overcast clouds
569,Mananjary,MG,2022-02-07 01:56:16,-21.2167,48.3333,76.42,96,98,4.63,light rain
570,Yulara,AU,2022-02-07 01:56:16,-25.2406,130.9889,87.64,22,0,8.05,clear sky
571,Galle,LK,2022-02-07 01:56:17,6.0367,80.217,79.23,72,99,1.16,overcast clouds
572,Kalemie,CD,2022-02-07 01:56:17,-5.9475,29.1947,68.13,92,100,6.29,light rain
573,Halifax,CA,2022-02-07 01:55:09,44.6453,-63.5724,14.0,85,42,4.61,scattered clouds
574,Tigre,AR,2022-02-07 01:56:18,-34.426,-58.5796,68.0,71,0,6.91,clear sky
575,Necochea,AR,2022-02-07 01:55:29,-38.5473,-58.7368,60.04,64,95,12.97,overcast clouds
576,Fruitvale,US,2022-02-07 01:56:18,39.0817,-108.4968,36.93,47,0,1.01,clear sky
577,Ust-Tsilma,RU,2022-02-07 01:56:19,65.441,52.1498,15.8,90,100,9.62,overcast clouds
578,Kirksville,US,2022-02-07 01:54:36,40.1948,-92.5833,33.75,82,100,4.0,overcast clouds
579,Port Keats,AU,2022-02-07 01:56:20,-14.25,129.55,86.85,66,83,5.57,broken clouds
580,Sibolga,ID,2022-02-07 01:56:21,1.7427,98.7792,80.94,74,97,0.83,overcast clouds
581,Dongli,CN,2022-02-07 01:56:21,23.5656,116.8194,57.18,82,100,4.47,light rain
582,Dourbali,TD,2022-02-07 01:56:22,11.8091,15.8632,65.53,12,3,10.58,clear sky
583,Christchurch,NZ,2022-02-07 01:56:22,-43.5333,172.6333,64.94,65,20,1.99,few clouds
584,Bima,ID,2022-02-07 01:56:23,-8.4667,118.7167,85.95,72,34,5.55,scattered clouds
585,Dauriya,RU,2022-02-07 01:56:23,49.9333,116.8667,1.51,98,81,5.08,broken clouds
586,Solwezi,ZM,2022-02-07 01:56:24,-12.1688,26.3894,61.86,99,100,5.5,light rain
587,Zephyrhills,US,2022-02-07 01:52:09,28.2336,-82.1812,61.72,92,100,6.15,overcast clouds
588,Mineiros,BR,2022-02-07 01:56:24,-17.5694,-52.5511,71.11,90,100,1.86,overcast clouds
589,Sao Miguel Do Araguaia,BR,2022-02-07 01:56:25,-13.275,-50.1628,73.78,89,100,3.13,overcast clouds
590,Neustadt,DE,2022-02-07 01:56:25,49.7117,12.0872,36.28,92,100,4.0,moderate rain
591,Rocha,UY,2022-02-07 01:56:26,-34.4833,-54.3333,63.41,85,100,14.88,overcast clouds
592,Nuuk,GL,2022-02-07 01:56:24,64.1835,-51.7216,1.8,71,100,7.58,overcast clouds
593,Biloela,AU,2022-02-07 01:56:26,-24.4167,150.5,85.62,33,21,12.48,few clouds
594,Flinders,AU,2022-02-07 01:55:55,-34.5833,150.8552,76.05,67,47,11.99,light rain
595,Muros,ES,2022-02-07 01:55:21,42.7762,-9.0603,51.24,91,24,8.84,few clouds
596,Orange,US,2022-02-07 01:56:27,33.7,-117.7675,74.66,42,0,1.99,clear sky
597,Zigong,CN,2022-02-07 01:56:28,29.3416,104.7769,43.48,83,100,2.48,overcast clouds
598,Fez,MA,2022-02-07 01:56:28,34.0372,-4.9998,52.05,76,0,14.97,clear sky
599,Lavrentiya,RU,2022-02-07 01:56:29,65.5833,-171.0,-14.1,95,43,2.46,scattered clouds
600,Bathsheba,BB,2022-02-07 01:56:29,13.2167,-59.5167,79.41,78,75,14.97,broken clouds
601,Kenora,CA,2022-02-07 01:52:34,49.8167,-94.4337,4.39,85,20,3.44,few clouds
602,Chateau-Gontier,FR,2022-02-07 01:56:30,47.8333,-0.7,50.95,83,99,14.32,overcast clouds
603,Wau,SS,2022-02-07 01:56:30,7.7029,27.9953,65.89,24,6,5.03,clear sky
604,Beacon,US,2022-02-07 01:56:31,41.5048,-73.9696,27.66,88,0,5.75,clear sky
605,San Luis,AR,2022-02-07 01:56:31,-33.295,-66.3356,61.88,34,0,12.37,clear sky
606,Ilulissat,GL,2022-02-07 01:51:37,69.2167,-51.1,-2.49,99,100,6.4,overcast clouds
607,Te Anau,NZ,2022-02-07 01:56:32,-45.4167,167.7167,68.83,42,23,2.89,few clouds
608,Bellmead,US,2022-02-07 01:56:32,31.594,-97.1089,46.78,67,0,0.0,clear sky
609,Cedar City,US,2022-02-07 01:54:24,37.6775,-113.0619,34.18,41,0,4.41,clear sky
610,Nemuro,JP,2022-02-07 01:56:33,43.3236,145.575,28.83,71,25,11.81,scattered clouds
611,Oktyabrskiy,RU,2022-02-07 01:56:33,54.4815,53.471,11.43,98,100,2.98,overcast clouds
612,Antalaha,MG,2022-02-07 01:56:34,-14.9003,50.2788,74.82,85,51,4.21,broken clouds
613,Amapa,BR,2022-02-07 01:56:34,1.0,-52.0,71.55,99,100,1.59,overcast clouds
614,Owosso,US,2022-02-07 01:56:35,42.9978,-84.1766,29.64,74,40,3.0,scattered clouds
615,Eyl,SO,2022-02-07 01:56:35,7.9803,49.8164,73.13,78,100,13.42,overcast clouds
616,Lancaster,US,2022-02-07 01:56:01,40.2504,-76.2499,29.52,70,0,6.22,clear sky
617,Puerto Suarez,BO,2022-02-07 01:56:36,-18.95,-57.8,75.04,92,100,2.24,overcast clouds
618,San Felipe,VE,2022-02-07 01:56:36,10.3399,-68.7425,71.13,95,87,3.6,overcast clouds
619,Itacare,BR,2022-02-07 01:56:37,-14.2775,-38.9967,82.29,87,78,1.7,broken clouds
620,Maple Creek,CA,2022-02-07 01:56:37,49.9168,-109.4848,45.01,65,0,10.36,clear sky
621,Mayumba,GA,2022-02-07 01:56:38,-3.432,10.6554,76.28,92,51,7.27,broken clouds
622,Manaus,BR,2022-02-07 01:53:47,-3.1019,-60.025,79.3,100,75,6.91,broken clouds
623,Ahipara,NZ,2022-02-07 01:56:12,-35.1667,173.1667,75.16,96,95,6.08,overcast clouds
624,Benguela,AO,2022-02-07 01:56:39,-12.5763,13.4055,76.68,70,100,1.97,overcast clouds
625,Pishin,PK,2022-02-07 01:56:40,30.5803,66.9961,38.88,43,0,1.95,clear sky
626,Inta,RU,2022-02-07 01:56:40,66.0317,60.1659,4.21,85,100,4.68,overcast clouds
627,Gamba,GA,2022-02-07 01:56:40,-2.65,10.0,76.3,92,16,4.54,few clouds
628,Aksarayskiy,RU,2022-02-07 01:56:41,46.7924,48.0119,30.15,95,100,7.14,snow
629,Denpasar,ID,2022-02-07 01:56:41,-8.65,115.2167,85.71,84,20,10.36,few clouds
630,Takoradi,GH,2022-02-07 01:56:42,4.8845,-1.7554,79.05,86,100,6.46,overcast clouds
631,Bosaso,SO,2022-02-07 01:55:51,11.2842,49.1816,70.75,76,12,1.72,few clouds
632,Kabompo,ZM,2022-02-07 01:56:42,-13.5927,24.2008,64.8,99,100,2.28,moderate rain
633,Yerbogachen,RU,2022-02-07 01:56:41,61.2767,108.0108,-10.62,99,98,2.66,overcast clouds
634,Siocon,PH,2022-02-07 01:56:43,7.7061,122.1353,84.99,64,90,4.83,overcast clouds
635,Okha,RU,2022-02-07 01:56:44,53.5739,142.9478,3.92,94,100,24.07,light snow
636,Challapata,BO,2022-02-07 01:56:44,-18.9,-66.7667,47.88,71,90,7.09,overcast clouds
637,Aojiang,CN,2022-02-07 01:56:45,22.9421,116.0359,59.02,81,100,12.82,overcast clouds
638,Svetlogorsk,BY,2022-02-07 01:56:45,52.6333,29.7333,32.58,96,100,14.32,overcast clouds
639,Decatur,US,2022-02-07 01:56:45,39.8403,-88.9548,30.74,96,26,8.43,scattered clouds
640,Morro Bay,US,2022-02-07 01:52:48,35.3658,-120.8499,63.21,63,0,1.01,clear sky
641,Juchen,DE,2022-02-07 01:56:46,51.1,6.5,39.72,88,20,3.0,few clouds
642,Genc,TR,2022-02-07 01:56:47,38.7507,40.5603,10.94,82,3,3.53,clear sky
643,Vila Franca Do Campo,PT,2022-02-07 01:56:48,37.7167,-25.4333,60.19,84,30,11.99,scattered clouds
644,Vestmanna,FO,2022-02-07 01:56:49,62.1564,-7.1664,31.12,59,20,13.8,few clouds
645,Hanna,CA,2022-02-07 01:55:14,51.6334,-111.9018,38.86,61,17,10.0,few clouds
646,Kaset Sombun,TH,2022-02-07 01:56:51,16.2805,101.9542,74.44,55,97,3.36,overcast clouds
647,Yinchuan,CN,2022-02-07 01:56:51,38.4681,106.2731,22.33,86,100,3.4,light snow
648,Klaksvik,FO,2022-02-07 01:56:52,62.2266,-6.589,32.92,51,100,20.38,overcast clouds
649,Pandrup,DK,2022-02-07 01:56:52,57.2215,9.6757,37.31,81,11,14.97,few clouds
650,Aviles,ES,2022-02-07 01:56:54,43.5547,-5.9248,47.77,74,100,3.0,overcast clouds
651,San Vicente,AR,2022-02-07 01:56:55,-26.6167,-54.1333,59.86,61,0,2.91,clear sky
652,Antofagasta,CL,2022-02-07 01:56:55,-23.65,-70.4,67.28,78,32,1.99,scattered clouds
653,Inhambane,MZ,2022-02-07 01:56:55,-23.865,35.3833,76.73,81,75,14.16,broken clouds
654,Hauterive,FR,2022-02-07 01:56:56,46.0901,3.4459,50.76,88,100,14.41,overcast clouds
655,Mana,GF,2022-02-07 01:56:56,5.6592,-53.7767,77.86,85,100,8.25,overcast clouds
656,Houma,US,2022-02-07 01:56:57,29.5958,-90.7195,48.0,62,0,4.56,clear sky
657,Kopavogur,IS,2022-02-07 01:56:57,64.1123,-21.913,32.31,59,100,19.57,heavy snow
658,Oriximina,BR,2022-02-07 01:56:59,-1.7656,-55.8661,74.5,93,100,3.04,overcast clouds
659,Gwadar,PK,2022-02-07 01:56:59,25.1216,62.3254,68.97,71,0,5.53,clear sky
660,Khandyga,RU,2022-02-07 01:57:00,62.6667,135.6,-25.29,90,93,0.92,overcast clouds
661,Kochi,IN,2022-02-07 01:53:02,9.9399,76.2602,71.58,84,5,5.86,clear sky
662,Aranda De Duero,ES,2022-02-07 01:57:00,41.6704,-3.6892,35.53,64,67,3.47,broken clouds
663,Helong,CN,2022-02-07 01:57:01,42.5397,128.9972,18.77,57,53,9.28,broken clouds
664,Taoudenni,ML,2022-02-07 01:55:33,22.6783,-3.9836,65.59,14,2,10.22,clear sky
665,Preobrazheniye,RU,2022-02-07 01:57:01,42.9019,133.9064,17.37,46,7,7.87,clear sky
666,Aktash,RU,2022-02-07 01:57:02,50.3,87.7333,-16.06,60,0,5.06,clear sky
667,Odweyne,SO,2022-02-07 01:57:02,9.4092,45.064,62.24,74,96,8.43,overcast clouds
668,Chadan,RU,2022-02-07 01:57:03,51.2833,91.5833,-28.39,98,47,1.57,scattered clouds
669,Los Zacatones,MX,2022-02-07 01:57:04,22.95,-102.05,59.65,45,91,12.06,overcast clouds
670,Valdivia,CL,2022-02-07 01:52:20,-39.8142,-73.2459,73.49,69,0,2.75,clear sky
671,Chicama,PE,2022-02-07 01:57:05,-7.8447,-79.1469,66.74,73,99,5.35,overcast clouds
672,Moron,AR,2022-02-07 01:57:05,-34.6534,-58.6198,67.75,76,12,6.8,few clouds
673,Bella Vista,US,2022-02-07 01:57:06,36.4295,-94.2316,38.32,71,0,0.0,clear sky
674,Inirida,CO,2022-02-07 01:55:36,3.8653,-67.9239,77.31,82,87,1.05,overcast clouds
675,Maun,BW,2022-02-07 01:57:07,-19.9833,23.4167,66.69,71,3,7.25,clear sky
676,Toyohashi,JP,2022-02-07 01:57:07,34.7667,137.3833,40.87,43,25,12.5,scattered clouds
677,Petatlan,MX,2022-02-07 01:57:07,17.5167,-101.2667,74.41,73,52,3.47,broken clouds
678,Tsabong,BW,2022-02-07 01:57:08,-26.0217,22.401,73.2,50,58,7.83,broken clouds
679,Songjianghe,CN,2022-02-07 01:57:09,42.1859,127.479,13.48,71,81,7.61,broken clouds
